{"cameraMode":{"drawMode":0,"name":"Shaded","section":"Shading Mode"},"sceneLighting":false,"audioPlay":false,"sceneViewState":{"showFog":true,"showMaterialUpdate":false,"showSkybox":false,"showFlares":true,"showImageEffects":true,"showParticleSystems":true},"in2DMode":false,"pivot":{"x":1.7218165397644044,"y":24.68463897705078,"z":44.22789001464844},"rotation":{"x":-0.25317639112472536,"y":-0.1638878434896469,"z":0.04356447234749794,"w":-0.9524414539337158},"size":86.21984100341797,"orthographic":false}